0.045166015625,-0.0029296875,0.8729248046875
0.0316162109375,-0.0050048828125,0.87548828125
0.046630859375,-0.00146484375,0.8853759765625
0.046142578125,-0.000244140625,0.8798828125
0.0445556640625,-0.000732421875,0.8739013671875
0.040283203125,-0.004150390625,0.8780517578125
0.049072265625,-0.0062255859375,0.87939453125
0.047119140625,-0.00439453125,0.87646484375
0.04443359375,-0.0064697265625,0.880126953125
0.04638671875,-0.0081787109375,0.88037109375
0.044677734375,0.00048828125,0.8770751953125
0.0428466796875,-0.005126953125,0.8751220703125
0.0421142578125,-0.0013427734375,0.8885498046875
0.03955078125,-0.001953125,0.882080078125
0.0452880859375,-0.0025634765625,0.885498046875
0.0313720703125,-0.0087890625,0.8807373046875
0.0450439453125,-0.0008544921875,0.880859375
0.06103515625,-0.000732421875,0.880859375
0.03955078125,-0.0032958984375,0.8741455078125
0.0435791015625,-0.007080078125,0.8795166015625
0.039794921875,-0.005859375,0.8743896484375
0.0445556640625,0.001953125,0.8812255859375
0.05859375,-0.004150390625,0.875244140625
0.0452880859375,-0.0008544921875,0.872314453125
0.03125,0.000732421875,0.8828125
0.060791015625,-0.001220703125,0.8826904296875
0.0406494140625,0.001220703125,0.879638671875
0.04296875,-0.00390625,0.878173828125
0.0452880859375,-0.0028076171875,0.8763427734375
0.0452880859375,-0.0062255859375,0.881103515625
0.06005859375,-0.003662109375,0.881103515625
0.0504150390625,-0.003662109375,0.8765869140625
0.0450439453125,-0.00341796875,0.883544921875
0.0460205078125,-0.0023193359375,0.8785400390625
0.05078125,-0.0052490234375,0.8790283203125
0.042236328125,-0.006103515625,0.88037109375
0.03955078125,-0.0052490234375,0.87939453125
0.0687255859375,-0.026611328125,0.88232421875
0.044677734375,-0.0059814453125,0.8807373046875
0.041259765625,-0.0037841796875,0.881591796875
0.0423583984375,-0.011474609375,0.8812255859375
0.1884765625,0.2945556640625,1.3013916015625
0.069091796875,0.0126953125,0.921142578125
0.172119140625,0.0689697265625,0.958740234375
0.033935546875,0.0533447265625,0.90087890625
-0.151611328125,0.0299072265625,1.0
0.1497802734375,0.19482421875,0.3349609375
0.291259765625,-0.1646728515625,1.699462890625
0.2764892578125,0.3502197265625,0.8433837890625
-0.028076171875,0.2291259765625,0.5506591796875
-0.1461181640625,0.25244140625,0.4810791015625
-0.195556640625,0.1781005859375,1.2484130859375
0.2186279296875,0.1422119140625,1.0206298828125
0.1910400390625,0.24609375,0.7818603515625
-0.039794921875,0.2633056640625,0.8212890625
-0.017333984375,0.2371826171875,0.952392578125
0.14794921875,0.2371826171875,0.8343505859375
0.0911865234375,0.2525634765625,0.828369140625
0.0521240234375,0.26513671875,0.8092041015625
0.1048583984375,0.25244140625,0.821533203125
0.024169921875,0.2481689453125,0.9019775390625
0.0054931640625,0.25439453125,0.8740234375
0.0194091796875,0.264892578125,0.812744140625
0.023193359375,0.2630615234375,0.84521484375
0.086669921875,0.2520751953125,0.8544921875
0.083984375,0.2509765625,0.85009765625
0.0467529296875,0.2691650390625,0.8233642578125
0.0511474609375,0.2642822265625,0.8365478515625
0.0277099609375,0.265625,0.865234375
0.0438232421875,0.2806396484375,0.83837890625
0.037109375,0.269775390625,0.8353271484375
0.060791015625,0.267822265625,0.844482421875
0.0521240234375,0.2666015625,0.84814453125
0.0447998046875,0.267578125,0.8585205078125
0.0382080078125,0.2664794921875,0.8367919921875
0.041259765625,0.2691650390625,0.8433837890625
0.0460205078125,0.267822265625,0.8294677734375
0.044921875,0.27001953125,0.840087890625
0.0458984375,0.26904296875,0.8448486328125
0.0604248046875,0.2691650390625,0.8367919921875
0.043701171875,0.2685546875,0.842529296875
0.047119140625,0.27001953125,0.83984375
0.04443359375,0.275146484375,0.84521484375
0.04541015625,0.2716064453125,0.8428955078125
0.04345703125,0.2706298828125,0.838623046875
0.044189453125,0.268798828125,0.840576171875
0.0467529296875,0.2760009765625,0.83935546875
0.2294921875,0.3740234375,0.81103515625
-1.73974609375,-0.064453125,0.7520751953125
0.0955810546875,0.3551025390625,0.82177734375
0.0020751953125,0.3060302734375,0.81591796875
0.0555419921875,0.3172607421875,0.825927734375
-0.0111083984375,0.2279052734375,0.90625
0.040771484375,0.2684326171875,0.8238525390625
0.146240234375,0.2813720703125,0.8060302734375
0.157470703125,0.2901611328125,0.861572265625
0.14501953125,0.3961181640625,0.9493408203125
0.0767822265625,0.3251953125,0.978271484375
-0.1241455078125,0.4891357421875,1.2972412109375
0.1453857421875,0.46044921875,1.0650634765625
-0.0633544921875,0.303466796875,1.0675048828125
0.044677734375,0.2855224609375,0.92431640625
0.2186279296875,0.3907470703125,0.9105224609375
0.25927734375,0.4622802734375,0.8983154296875
0.330322265625,0.35302734375,0.7481689453125
0.1781005859375,0.381103515625,0.8394775390625
-0.542724609375,-0.063720703125,1.0279541015625
-0.166748046875,0.2103271484375,0.9005126953125
-0.066650390625,0.1680908203125,0.966064453125
0.078125,0.4854736328125,1.01806640625
0.0845947265625,0.3681640625,0.8836669921875
0.14208984375,0.3641357421875,0.776123046875
0.2257080078125,0.4017333984375,0.777587890625
0.2508544921875,0.684814453125,0.647705078125
0.207275390625,0.2802734375,0.7518310546875
0.048583984375,0.2591552734375,0.8824462890625
-0.11865234375,0.165283203125,1.0640869140625
-0.155029296875,0.110107421875,0.95703125
0.0277099609375,0.1229248046875,0.813720703125
0.1063232421875,0.181396484375,0.9058837890625
0.109375,0.18115234375,0.8822021484375
-0.0048828125,0.0179443359375,0.7015380859375
0.008544921875,0.079345703125,0.692626953125
0.0565185546875,0.142822265625,0.674560546875
0.100830078125,0.0838623046875,0.4898681640625
0.1409912109375,0.0283203125,0.2681884765625
0.1854248046875,-0.003173828125,-0.12451171875
0.3060302734375,-0.0599365234375,-0.5386962890625
0.084228515625,-0.2314453125,-0.6107177734375
-0.0498046875,-0.26611328125,0.1417236328125
0.0859375,-0.0831298828125,1.062255859375
-0.1021728515625,0.03955078125,1.914306640625
-0.2825927734375,0.130615234375,1.99993896484375
-0.32958984375,0.1954345703125,1.99993896484375
-0.2603759765625,0.0633544921875,1.99993896484375
-0.0845947265625,-0.06982421875,1.99993896484375
0.337646484375,0.037353515625,1.404296875
0.5479736328125,0.1319580078125,1.05908203125
0.4837646484375,0.1556396484375,0.6749267578125
0.3128662109375,0.0677490234375,0.1943359375
0.3721923828125,-0.0272216796875,-0.457275390625
0.2510986328125,-0.025390625,-0.4117431640625
0.2740478515625,-0.0506591796875,-0.4088134765625
0.21533203125,-0.146240234375,-0.4486083984375
0.1904296875,-0.0546875,-0.23876953125
0.29931640625,-0.092529296875,0.4119873046875
-0.2357177734375,-0.02197265625,1.7760009765625
-0.39501953125,-0.1522216796875,1.99993896484375
-0.484375,-0.2894287109375,1.964111328125
-0.40185546875,-0.302001953125,1.865966796875
-0.2188720703125,-0.2152099609375,1.836181640625
0.2003173828125,-0.0916748046875,1.520263671875
0.515625,0.1187744140625,1.4151611328125
0.4951171875,0.02392578125,0.6566162109375
0.4150390625,0.0010986328125,-0.1964111328125
0.436279296875,-0.0267333984375,-0.833740234375
0.4237060546875,-0.00146484375,-0.99658203125
0.3502197265625,-0.1275634765625,-0.5703125
-0.073974609375,-0.24609375,0.308349609375
-0.3707275390625,-0.3128662109375,1.4954833984375
-0.5439453125,0.0809326171875,1.99993896484375
-0.6181640625,-0.07275390625,1.99993896484375
-0.267578125,-0.4351806640625,1.99993896484375
0.0689697265625,-0.392333984375,1.153076171875
0.2091064453125,-0.08056640625,1.287109375
0.4669189453125,-0.02197265625,-0.0858154296875
0.7852783203125,0.02880859375,-0.960693359375
0.5972900390625,0.114013671875,-0.5413818359375
0.2525634765625,0.0301513671875,-0.0328369140625
-0.0799560546875,-0.054931640625,0.621826171875
-0.5576171875,0.0716552734375,1.99993896484375
-0.4825439453125,-0.06494140625,1.99993896484375
-0.2586669921875,-0.1209716796875,1.8607177734375
-0.2135009765625,-0.13818359375,1.517333984375
-0.1309814453125,-0.1485595703125,1.02099609375
0.333251953125,-0.0281982421875,-0.1279296875
0.751953125,-0.0562744140625,-1.0286865234375
0.7222900390625,0.1119384765625,-0.5823974609375
0.2822265625,0.0596923828125,0.116455078125
-0.6107177734375,-0.291748046875,0.330322265625
-0.59130859375,0.02734375,1.99993896484375
-0.601806640625,-0.0166015625,1.99993896484375
-0.0849609375,-0.1298828125,1.99993896484375
-0.0057373046875,-0.081787109375,1.408203125
0.1356201171875,-0.0067138671875,1.0543212890625
0.593994140625,0.0882568359375,0.133544921875
0.5596923828125,0.049072265625,-0.74267578125
0.717529296875,0.1258544921875,-0.8314208984375
0.1435546875,-0.03662109375,-0.135986328125
-0.4267578125,-0.1905517578125,0.212646484375
-0.611083984375,0.273193359375,1.99993896484375
-0.3408203125,-0.0887451171875,1.957763671875
-0.1990966796875,-0.1336669921875,1.5322265625
-0.103271484375,-0.1025390625,1.417724609375
0.31591796875,0.0615234375,0.8282470703125
0.7088623046875,0.0506591796875,-0.4703369140625
0.5140380859375,0.0587158203125,-0.4283447265625
0.4029541015625,0.075927734375,-0.0093994140625
-0.269775390625,-0.123291015625,0.16796875
-0.3126220703125,-0.037841796875,1.95306396484375
-0.0657958984375,-0.0416259765625,1.92333984375
0.094970703125,-0.0438232421875,1.114013671875
0.23046875,0.0462646484375,0.3267822265625
0.2452392578125,0.0833740234375,-0.116943359375
-0.1190185546875,0.0281982421875,0.2952880859375
-0.4852294921875,-0.217529296875,0.32666015625
-0.391357421875,0.1971435546875,1.99993896484375
0.025146484375,-0.151123046875,1.5675048828125
0.0943603515625,-0.096435546875,1.5325927734375
0.3690185546875,0.0394287109375,0.5050048828125
0.436279296875,0.0323486328125,-0.6177978515625
0.44140625,0.06494140625,-0.466064453125
0.0147705078125,-0.003662109375,0.1072998046875
-0.7110595703125,-0.34814453125,0.973876953125
-0.66943359375,0.19873046875,1.99993896484375
-0.20166015625,-0.1337890625,1.99993896484375
-0.2318115234375,-0.0330810546875,1.5999755859375
-0.0423583984375,0.0377197265625,0.8837890625
0.510009765625,0.1009521484375,-0.572265625
0.265380859375,0.0594482421875,-0.6116943359375
0.0716552734375,0.030029296875,-0.0819091796875
-0.53076171875,-0.3173828125,1.5504150390625
-0.7193603515625,0.229736328125,1.99993896484375
-0.0245361328125,-0.0986328125,1.99993896484375
-0.074951171875,-0.2462158203125,1.3463134765625
-0.0894775390625,-0.021240234375,1.4393310546875
0.1343994140625,0.05322265625,0.7171630859375
0.4716796875,0.0728759765625,-0.46826171875
0.38134765625,0.146240234375,-0.5255126953125
0.0201416015625,0.010986328125,-0.1883544921875
-0.31005859375,-0.27734375,-0.101318359375
-0.354248046875,0.05322265625,1.99993896484375
-0.4512939453125,0.0584716796875,1.99993896484375
0.11962890625,-0.1202392578125,1.98046875
0.1136474609375,-0.1754150390625,1.1654052734375
-0.1365966796875,-0.009765625,1.3184814453125
0.1649169921875,0.054931640625,0.3778076171875
0.334228515625,0.0654296875,-0.3494873046875
0.160400390625,0.0260009765625,-0.396240234375
0.0050048828125,-0.0089111328125,0.0379638671875
-0.5042724609375,-0.27587890625,0.0128173828125
-0.5240478515625,0.032470703125,1.9500732421875
-0.66455078125,0.17578125,1.99993896484375
0.258544921875,-0.0728759765625,1.3463134765625
0.10986328125,-0.108642578125,1.0897216796875
-0.066162109375,0.0272216796875,1.2996826171875
0.2359619140625,0.10498046875,0.2489013671875
0.18408203125,0.0303955078125,-0.2716064453125
0.129638671875,0.037841796875,-0.1278076171875
-0.4365234375,-0.135498046875,0.148681640625
-0.650390625,-0.2796630859375,1.1707763671875
-0.7071533203125,0.23828125,1.99993896484375
-0.23291015625,-0.040283203125,1.99993896484375
0.128173828125,-0.0084228515625,1.32177734375
0.1016845703125,0.0494384765625,1.3045654296875
0.0115966796875,0.081787109375,0.9327392578125
0.1683349609375,0.1099853515625,-0.095458984375
0.2230224609375,0.13818359375,-0.399658203125
-0.1478271484375,-0.111083984375,-0.6549072265625
-0.1773681640625,-0.038818359375,-0.0887451171875
-0.6365966796875,-0.4205322265625,-0.236328125
-0.2486572265625,-0.0523681640625,1.84368896484375
-0.847412109375,0.1611328125,1.99993896484375
0.1463623046875,-0.1339111328125,1.7008056640625
0.0985107421875,-0.1541748046875,1.45849609375
-0.15673828125,-0.0401611328125,1.53466796875
-0.0269775390625,0.0498046875,0.996826171875
0.2510986328125,0.0941162109375,-0.0054931640625
0.0693359375,0.0234375,-0.6650390625
0.07080078125,-0.0960693359375,-0.53759765625
-0.1260986328125,-0.0985107421875,-0.1702880859375
-0.230712890625,-0.0518798828125,1.333740234375
-0.8902587890625,0.3974609375,1.99993896484375
-0.1572265625,-0.1221923828125,1.9620361328125
0.0357666015625,-0.162841796875,1.1903076171875
-0.22802734375,-0.0426025390625,1.3333740234375
-0.0826416015625,0.0250244140625,0.563720703125
0.26123046875,0.08056640625,-0.4373779296875
-0.082275390625,-0.16162109375,-0.727783203125
-0.0198974609375,-0.0260009765625,-0.076171875
-0.050048828125,-0.2734375,0.8572998046875
-0.7684326171875,0.2208251953125,1.99993896484375
-0.0252685546875,-0.145263671875,1.99993896484375
0.1666259765625,-0.1077880859375,1.794921875
-0.1524658203125,-0.077880859375,1.359619140625
0.2822265625,-0.006103515625,-0.6513671875
0.5068359375,0.1600341796875,-0.7491455078125
0.3394775390625,-0.111572265625,-1.20654296875
-0.1212158203125,-0.308837890625,-0.851318359375
-0.0146484375,0.35205078125,1.99993896484375
-0.50048828125,0.10888671875,1.99993896484375
0.079345703125,-0.288330078125,1.7613525390625
-0.124755859375,-0.2237548828125,1.815185546875
-0.2430419921875,-0.0992431640625,1.3505859375
0.306884765625,0.00830078125,-0.0634765625
0.67822265625,0.14990234375,-0.779052734375
0.4908447265625,-0.0166015625,-1.3726806640625
-0.0498046875,-0.31298828125,-0.9437255859375
-0.3348388671875,-0.57666015625,-0.1414794921875
-0.58251953125,0.471923828125,1.99993896484375
-0.054443359375,-0.189208984375,1.99993896484375
-0.3380126953125,-0.363037109375,1.99993896484375
-0.5042724609375,-0.3800048828125,1.9344482421875
-0.572998046875,-0.233154296875,1.580810546875
-0.0467529296875,-0.0770263671875,0.1866455078125
0.9176025390625,0.1495361328125,-0.9833984375
0.7896728515625,0.05810546875,-1.3677978515625
0.535400390625,0.0364990234375,-0.61767578125
-0.1866455078125,-0.5440673828125,-0.844970703125
-0.545654296875,-0.22021484375,1.99993896484375
-0.989990234375,-0.0135498046875,1.99993896484375
-0.23388671875,-0.3648681640625,1.99993896484375
-0.34912109375,-0.4019775390625,1.99993896484375
-0.2542724609375,-0.224365234375,1.99993896484375
-0.1356201171875,-0.1890869140625,1.330810546875
0.4180908203125,0.00048828125,-0.614990234375
0.7955322265625,0.187255859375,-1.404052734375
0.5152587890625,0.054443359375,-1.8341064453125
0.75537109375,0.2369384765625,-1.1982421875
0.150634765625,-0.3297119140625,-1.019775390625
-0.409423828125,-0.8123779296875,0.8795166015625
-0.59375,0.2572021484375,1.99993896484375
-0.3211669921875,-0.4825439453125,1.99993896484375
0.0029296875,-0.3917236328125,1.99993896484375
-0.2110595703125,-0.2138671875,1.9200439453125
0.0452880859375,-0.098388671875,-0.37548828125
0.58251953125,0.2181396484375,-0.749755859375
0.48974609375,0.17724609375,-1.23193359375
0.3602294921875,0.1737060546875,-1.0069580078125
-0.1317138671875,-0.2720947265625,-0.727783203125
0.2239990234375,-0.001708984375,1.9505615234375
-0.1474609375,-0.18212890625,1.99993896484375
-0.2366943359375,-0.3099365234375,1.99993896484375
-0.458251953125,-0.4029541015625,1.99993896484375
-0.369140625,-0.166015625,1.7132568359375
-0.41455078125,-0.0999755859375,0.7540283203125
0.0299072265625,-0.01708984375,-0.5899658203125
0.3004150390625,0.104248046875,-1.1295166015625
0.64404296875,0.1090087890625,-1.55322265625
0.7071533203125,0.1121826171875,-1.0435791015625
0.4580078125,-0.4239501953125,-0.5377197265625
0.357177734375,-0.2718505859375,1.6558837890625
-0.47509765625,-0.2052001953125,1.99993896484375
-0.8037109375,-0.44921875,1.99993896484375
-0.61474609375,-0.449462890625,1.99993896484375
-0.3819580078125,-0.443603515625,1.99993896484375
-0.4188232421875,-0.3800048828125,1.5836181640625
-0.148193359375,-0.2652587890625,0.7149658203125
0.4378662109375,0.084716796875,-0.4556884765625
0.60986328125,0.3214111328125,-0.92724609375
0.5618896484375,0.1685791015625,-1.349609375
0.735107421875,0.2064208984375,-0.8751220703125
0.4339599609375,-0.0833740234375,-0.267822265625
0.267822265625,0.060791015625,1.9202880859375
-0.7852783203125,-0.4012451171875,1.99993896484375
-0.541748046875,-0.5194091796875,1.99993896484375
-0.467041015625,-0.421142578125,1.99993896484375
-0.3555908203125,-0.158935546875,1.6162109375
-0.114501953125,-0.110107421875,0.229736328125
0.2098388671875,0.05615234375,-0.5296630859375
0.4461669921875,0.228271484375,-0.73583984375
0.8128662109375,0.2462158203125,-0.7513427734375
0.3450927734375,-0.197509765625,-0.1771240234375
0.0474853515625,0.00048828125,1.99993896484375
-0.7344970703125,-0.3394775390625,1.99993896484375
-0.853515625,-0.4234619140625,1.99993896484375
-0.8131103515625,-0.4134521484375,1.99993896484375
-0.3734130859375,-0.1966552734375,1.4222412109375
0.1160888671875,-0.027099609375,0.319091796875
0.9927978515625,0.24072265625,-1.04248046875
0.8577880859375,0.3302001953125,-0.92041015625
0.84716796875,0.23779296875,-0.77392578125
0.482177734375,0.01025390625,-0.463623046875
0.1295166015625,-0.3056640625,-0.3736572265625
-0.6614990234375,-0.67529296875,0.8497314453125
-0.8885498046875,0.062255859375,1.99993896484375
-0.7308349609375,-0.324951171875,1.99993896484375
-0.5169677734375,-0.578857421875,1.99993896484375
-0.27001953125,-0.423095703125,1.9444580078125
0.044189453125,-0.184814453125,1.3643798828125
0.4202880859375,-0.0657958984375,-0.0687255859375
0.6131591796875,0.2291259765625,-0.7818603515625
0.4454345703125,0.247802734375,-0.7916259765625
0.3140869140625,0.111083984375,-0.7744140625
-0.11962890625,-0.1585693359375,-0.4091796875
-0.3685302734375,-0.289306640625,0.568359375
-0.68505859375,0.1796875,1.99993896484375
-0.5098876953125,-0.2801513671875,1.99993896484375
-0.3629150390625,-0.37109375,1.81640625
-0.301025390625,-0.21875,1.861572265625
-0.25927734375,-0.08837890625,1.5537109375
-0.16796875,0.0269775390625,0.81982421875
0.0528564453125,0.007568359375,-0.35693359375
0.4400634765625,0.208251953125,-0.8912353515625
0.337158203125,-0.01953125,-0.8282470703125
0.1353759765625,-0.0875244140625,-0.5242919921875
-0.053955078125,-0.3828125,0.112060546875
-0.554443359375,0.1458740234375,1.99993896484375
-0.614013671875,-0.2894287109375,1.99993896484375
-0.2640380859375,-0.388916015625,1.99993896484375
-0.1033935546875,-0.3402099609375,1.6298828125
-0.066162109375,-0.1163330078125,1.5579833984375
-0.0009765625,0.0177001953125,1.0015869140625
0.2637939453125,-0.00390625,-0.1624755859375
0.8809814453125,0.26904296875,-0.5428466796875
0.69921875,0.1627197265625,-0.44384765625
0.4561767578125,0.075927734375,0.0821533203125
-0.36865234375,-0.4627685546875,0.2274169921875
0.032470703125,0.212890625,1.99993896484375
0.5482177734375,0.1815185546875,1.99993896484375
1.19091796875,0.1639404296875,1.5218505859375
0.569580078125,-0.0211181640625,1.1832275390625
-0.04931640625,0.019775390625,1.4925537109375
-1.4442138671875,-0.740966796875,0.9385986328125
-2.0,-0.6864013671875,1.16455078125
-1.7615966796875,-0.642822265625,1.3955078125
-0.6875,-0.502685546875,1.1492919921875
0.6141357421875,0.0672607421875,0.083984375
1.247802734375,0.0714111328125,-0.7640380859375
1.239990234375,0.06298828125,-0.1640625
1.5028076171875,0.36962890625,1.065673828125
1.593994140625,0.2210693359375,0.9527587890625
1.4874267578125,0.07666015625,1.0386962890625
1.56103515625,0.0750732421875,1.2930908203125
1.5740966796875,0.3017578125,1.99993896484375
1.3055419921875,0.4798583984375,1.99993896484375
0.5177001953125,-0.0723876953125,1.99993896484375
-1.0440673828125,-0.9227294921875,1.514404296875
-2.0,-1.982666015625,0.7908935546875
-2.0,-1.12060546875,1.0765380859375
-0.8641357421875,-0.3026123046875,1.389892578125
-1.455810546875,-0.8243408203125,0.4852294921875
-0.6302490234375,-0.4903564453125,0.020751953125
0.3258056640625,-0.2213134765625,0.08203125
1.4747314453125,0.1082763671875,0.70947265625
1.99993896484375,0.4642333984375,1.5426025390625
1.99993896484375,0.5584716796875,1.75341796875
1.99993896484375,0.5286865234375,1.643310546875
1.99993896484375,0.5841064453125,1.541015625
1.3106689453125,0.2144775390625,1.5621337890625
0.515380859375,0.0709228515625,1.659423828125
0.0152587890625,-0.189453125,1.3292236328125
-0.430908203125,-0.4791259765625,1.097412109375
-2.0,-1.46533203125,1.100341796875
-2.0,-1.4775390625,1.4306640625
-2.0,-0.88818359375,1.314453125
-1.3817138671875,-0.671875,1.155517578125
-0.38671875,-0.2288818359375,0.8450927734375
0.7449951171875,0.0018310546875,0.491943359375
1.093017578125,-0.0345458984375,0.2064208984375
1.7919921875,0.2889404296875,0.942626953125
1.99993896484375,0.6556396484375,1.9722900390625
1.99993896484375,0.811767578125,1.99993896484375
1.739501953125,0.5938720703125,1.6942138671875
1.271728515625,0.365966796875,1.2186279296875
0.4508056640625,0.0048828125,1.032470703125
-1.250732421875,-0.694091796875,0.716064453125
-2.0,-1.237548828125,0.937255859375
-2.0,-0.760986328125,1.2916259765625
-2.0,-0.818359375,0.8609619140625
-2.0,-0.9910888671875,0.366943359375
-1.819091796875,-0.7479248046875,0.2601318359375
-0.744140625,-0.4241943359375,0.206787109375
0.0394287109375,-0.152099609375,0.23974609375
1.0845947265625,0.165283203125,0.396240234375
1.59033203125,0.304931640625,0.78173828125
1.7138671875,0.3487548828125,1.6890869140625
1.7576904296875,0.461669921875,1.99993896484375
1.99993896484375,0.5113525390625,1.8780517578125
1.6844482421875,0.3709716796875,1.6138916015625
0.9337158203125,0.1610107421875,1.382080078125
-0.0615234375,-0.0968017578125,1.168701171875
-1.891845703125,-0.858154296875,0.899658203125
-1.90234375,-0.550537109375,0.9866943359375
-1.8446044921875,-0.532470703125,0.6016845703125
-1.9967041015625,-0.5673828125,0.2850341796875
-1.583740234375,-0.344970703125,0.2698974609375
-1.4521484375,-0.4173583984375,-0.0965576171875
-0.9727783203125,-0.4373779296875,-0.33984375
0.0421142578125,-0.1392822265625,0.4381103515625
0.52783203125,-0.01611328125,1.0499267578125
0.7724609375,-0.0521240234375,1.2056884765625
0.9573974609375,0.00341796875,1.443115234375
0.6820068359375,0.0386962890625,1.82177734375
0.505615234375,0.1739501953125,1.99993896484375
0.251220703125,0.1171875,1.4964599609375
-0.0029296875,0.0164794921875,0.9267578125
-0.091552734375,0.0750732421875,0.55322265625
-0.2095947265625,-0.026611328125,0.126953125
-0.255859375,0.017822265625,0.09521484375
-0.4024658203125,0.0003662109375,0.2760009765625
-0.4920654296875,-0.0032958984375,0.470703125
-0.453369140625,-0.0885009765625,0.43603515625
-0.2984619140625,-0.1551513671875,0.4700927734375
-0.10546875,-0.1544189453125,0.7369384765625
-0.06494140625,-0.129638671875,1.1033935546875
-0.102294921875,-0.0711669921875,1.474853515625
-0.194091796875,-0.1300048828125,1.4017333984375
-0.0948486328125,-0.158447265625,1.1162109375
-0.052734375,-0.1502685546875,1.0177001953125
0.0072021484375,-0.085693359375,0.933837890625
0.0496826171875,-0.0418701171875,0.9005126953125
-0.03076171875,-0.07177734375,0.8707275390625
-0.3499755859375,-0.1451416015625,1.3072509765625
-0.0191650390625,-0.004638671875,0.9354248046875
-0.1531982421875,-0.131103515625,0.8031005859375
-0.153076171875,-0.06103515625,0.927490234375
-0.178955078125,-0.0587158203125,0.96240234375
-0.2474365234375,-0.101318359375,0.810791015625
-0.2447509765625,-0.06396484375,0.8009033203125
-0.214599609375,-0.07666015625,0.8115234375
-0.176513671875,-0.072998046875,0.858642578125
-0.1978759765625,-0.1163330078125,0.9107666015625
-0.167236328125,-0.146728515625,0.890625
-0.19384765625,-0.1502685546875,0.868896484375
-0.0618896484375,-0.05419921875,1.0150146484375
-0.084716796875,-0.067626953125,0.9810791015625
-0.132568359375,-0.11572265625,0.9228515625
-0.1619873046875,-0.1136474609375,0.950927734375
-0.13671875,-0.10107421875,0.923828125
-0.089599609375,-0.0718994140625,0.9322509765625
-0.0701904296875,-0.0631103515625,0.888916015625
-0.0650634765625,-0.06640625,0.8856201171875
-0.13623046875,-0.0772705078125,0.914794921875
-0.1663818359375,-0.091064453125,0.912841796875
-0.17724609375,-0.0982666015625,0.8907470703125
-0.103515625,-0.0625,0.9287109375
-0.0726318359375,-0.041259765625,0.9683837890625
-0.079345703125,-0.045166015625,0.9796142578125
-0.11474609375,-0.072998046875,0.889404296875
-0.1595458984375,-0.08935546875,0.8660888671875
-0.16748046875,-0.082275390625,0.88330078125
-0.1690673828125,-0.054931640625,0.8983154296875
-0.0882568359375,-0.0013427734375,0.947998046875
-0.1209716796875,-0.0640869140625,0.904052734375
-0.1456298828125,-0.046630859375,0.8985595703125
-0.128173828125,-0.0333251953125,0.885498046875
-0.07861328125,-0.0093994140625,0.903564453125
-0.0653076171875,-0.027099609375,0.8582763671875
-0.097412109375,-0.059326171875,0.8004150390625
-0.0982666015625,-0.04150390625,0.8349609375
-0.1103515625,-0.0133056640625,0.9110107421875
-0.0958251953125,0.0091552734375,0.9039306640625
-0.07958984375,-0.0062255859375,0.87060546875
-0.123046875,-0.04833984375,0.8525390625
-0.0875244140625,-0.017578125,0.9130859375
-0.0858154296875,-0.0169677734375,0.921142578125
-0.0504150390625,-0.01171875,0.8759765625
-0.06982421875,-0.015380859375,0.9014892578125
-0.093505859375,-0.000732421875,0.897216796875
-0.162109375,-0.0648193359375,0.8162841796875
-0.171875,-0.052734375,0.76611328125
-0.0823974609375,-0.0423583984375,0.8095703125
-0.04248046875,-0.0360107421875,0.7745361328125
-0.072509765625,-0.0909423828125,0.6844482421875
-0.1224365234375,-0.158935546875,0.69189453125
-0.1094970703125,-0.2567138671875,0.6849365234375
-0.1690673828125,-0.216552734375,0.645263671875
-0.0843505859375,-0.2174072265625,0.5179443359375
-0.1168212890625,-0.23388671875,0.5919189453125
-0.0789794921875,-0.2392578125,0.7454833984375
-0.1910400390625,-0.2781982421875,0.880615234375
-0.1976318359375,-0.3021240234375,0.738037109375
-0.1851806640625,-0.3092041015625,0.6881103515625
-0.0894775390625,-0.288330078125,0.8079833984375
-0.045166015625,-0.267578125,0.81103515625
-0.0517578125,-0.263427734375,0.8427734375
-0.1051025390625,-0.2667236328125,0.8043212890625
-0.157470703125,-0.26025390625,0.7403564453125
-0.1107177734375,-0.2471923828125,0.7288818359375
-0.0701904296875,-0.22998046875,0.76904296875
-0.0467529296875,-0.225341796875,0.7662353515625
-0.015380859375,-0.2244873046875,0.8126220703125
-0.1021728515625,-0.2681884765625,0.8251953125
-0.1507568359375,-0.2669677734375,0.8670654296875
-0.0989990234375,-0.25732421875,0.87451171875
-0.0609130859375,-0.2230224609375,0.9306640625
-0.05615234375,-0.2554931640625,0.8585205078125
-0.0909423828125,-0.2686767578125,0.8096923828125
-0.0833740234375,-0.25634765625,0.8475341796875
-0.0523681640625,-0.243896484375,0.880126953125
-0.003173828125,-0.2379150390625,0.8531494140625
-0.0152587890625,-0.239990234375,0.801025390625
-0.0318603515625,-0.240966796875,0.798583984375
-0.0513916015625,-0.2392578125,0.788818359375
-0.0198974609375,-0.2301025390625,0.7510986328125
0.0010986328125,-0.198486328125,0.869384765625
-0.07275390625,-0.2357177734375,0.8424072265625
-0.0794677734375,-0.2374267578125,0.84228515625
-0.10546875,-0.260498046875,0.80712890625
-0.061279296875,-0.25439453125,0.876220703125
-0.0338134765625,-0.2476806640625,0.8924560546875
-0.0313720703125,-0.2327880859375,0.9395751953125
-0.05859375,-0.233154296875,0.92919921875
-0.073974609375,-0.26220703125,0.7462158203125
-0.0997314453125,-0.26025390625,0.72412109375
-0.056640625,-0.2769775390625,0.7982177734375
-0.093994140625,-0.2720947265625,0.814208984375
-0.1455078125,-0.28662109375,0.8560791015625
-0.263916015625,-0.2772216796875,0.9410400390625
-0.2364501953125,-0.286376953125,0.8841552734375
-0.18408203125,-0.2928466796875,0.7161865234375
-0.2188720703125,-0.2659912109375,0.8077392578125
-0.2930908203125,-0.27490234375,0.844482421875
-0.27685546875,-0.27978515625,0.8837890625
-0.3082275390625,-0.280517578125,0.865966796875
-0.35302734375,-0.2781982421875,0.814697265625
-0.336669921875,-0.3021240234375,0.733642578125
-0.3251953125,-0.252197265625,0.8553466796875
-0.3175048828125,-0.2542724609375,0.9366455078125
-0.3109130859375,-0.277099609375,0.8636474609375
-0.3846435546875,-0.297607421875,0.7728271484375
-0.4036865234375,-0.289306640625,0.8079833984375
-0.3043212890625,-0.2760009765625,0.8819580078125
-0.23779296875,-0.2967529296875,0.84423828125
-0.19970703125,-0.2684326171875,0.775146484375
-0.2041015625,-0.26220703125,0.825439453125
-0.2376708984375,-0.29296875,0.7623291015625
-0.247802734375,-0.275390625,0.80224609375
-0.177734375,-0.2481689453125,0.8697509765625
-0.1553955078125,-0.2657470703125,0.8963623046875
-0.150146484375,-0.2681884765625,0.918212890625
-0.128662109375,-0.2547607421875,0.95947265625
-0.1478271484375,-0.25048828125,0.978759765625
-0.1246337890625,-0.2401123046875,0.9901123046875
-0.1639404296875,-0.2489013671875,0.968505859375
-0.16845703125,-0.2266845703125,0.9561767578125
-0.1322021484375,-0.216064453125,0.9207763671875
-0.1484375,-0.20263671875,0.90966796875
-0.1302490234375,-0.2049560546875,0.8953857421875
-0.1226806640625,-0.205810546875,0.9122314453125
-0.13232421875,-0.211181640625,0.884521484375
-0.0723876953125,-0.1771240234375,0.9090576171875
-0.0732421875,-0.17626953125,0.851318359375
-0.084228515625,-0.17431640625,0.8375244140625
-0.0968017578125,-0.17578125,0.8267822265625
-0.07470703125,-0.1673583984375,0.85693359375
-0.0694580078125,-0.1595458984375,0.8585205078125
-0.0406494140625,-0.158447265625,0.9053955078125
-0.005615234375,-0.1435546875,0.8651123046875
-0.03173828125,-0.1475830078125,0.851318359375
-0.0809326171875,-0.1490478515625,0.84228515625
-0.1131591796875,-0.1575927734375,0.817138671875
-0.1060791015625,-0.14990234375,0.8291015625
-0.069091796875,-0.1351318359375,0.8648681640625
-0.0279541015625,-0.1246337890625,0.8697509765625
-0.01220703125,-0.129638671875,0.84521484375
-0.0533447265625,-0.1337890625,0.8304443359375
-0.05078125,-0.1368408203125,0.8497314453125
-0.0682373046875,-0.140869140625,0.8787841796875
-0.127685546875,-0.14501953125,0.8514404296875
-0.0941162109375,-0.1417236328125,0.8626708984375
-0.0379638671875,-0.12841796875,0.8883056640625
-0.0081787109375,-0.115966796875,0.88916015625
-0.06005859375,-0.1302490234375,0.7991943359375
-0.0286865234375,-0.1002197265625,0.8194580078125
-0.053955078125,-0.103271484375,0.80419921875
-0.0718994140625,-0.1141357421875,0.7874755859375
-0.1279296875,-0.1226806640625,0.8087158203125
-0.109130859375,-0.130859375,0.8162841796875
-0.0726318359375,-0.123779296875,0.80126953125
-0.0701904296875,-0.124755859375,0.8397216796875
-0.083251953125,-0.127685546875,0.8079833984375
-0.08544921875,-0.1248779296875,0.81298828125
-0.1004638671875,-0.1256103515625,0.831787109375
-0.08447265625,-0.117919921875,0.780517578125
-0.0816650390625,-0.104736328125,0.7708740234375
-0.1002197265625,-0.106689453125,0.7982177734375
-0.0787353515625,-0.0946044921875,0.796142578125
-0.052490234375,-0.0899658203125,0.8265380859375
-0.028076171875,-0.0635986328125,0.7725830078125
-0.0255126953125,-0.0784912109375,0.679931640625
-0.061279296875,-0.088134765625,0.6627197265625
-0.1033935546875,-0.0968017578125,0.6627197265625
-0.12646484375,-0.0994873046875,0.6917724609375
-0.113037109375,-0.093994140625,0.780029296875
-0.0955810546875,-0.107666015625,0.735595703125
-0.0760498046875,-0.098876953125,0.749755859375
-0.096923828125,-0.1055908203125,0.7939453125
-0.0784912109375,-0.1083984375,0.7957763671875
-0.076171875,-0.1026611328125,0.7890625
-0.04833984375,-0.0899658203125,0.814697265625
-0.0521240234375,-0.0859375,0.83203125
-0.05517578125,-0.0968017578125,0.849609375
-0.1307373046875,-0.130126953125,0.823974609375
-0.117919921875,-0.116455078125,0.8682861328125
-0.0572509765625,-0.1075439453125,0.9521484375
-0.0262451171875,-0.1158447265625,0.904541015625
-0.0001220703125,-0.115234375,0.856689453125
-0.0501708984375,-0.1307373046875,0.8642578125
-0.06640625,-0.1279296875,0.900634765625
-0.1158447265625,-0.134765625,0.882080078125
-0.1112060546875,-0.128173828125,0.8758544921875
-0.0665283203125,-0.11474609375,0.8629150390625
-0.04248046875,-0.1119384765625,0.8656005859375
-0.037109375,-0.1103515625,0.8553466796875
-0.062744140625,-0.1236572265625,0.87646484375
-0.0828857421875,-0.1483154296875,0.8919677734375
-0.1190185546875,-0.1517333984375,0.9737548828125
-0.128662109375,-0.1531982421875,0.9788818359375
-0.09228515625,-0.1427001953125,0.9765625
-0.0521240234375,-0.1104736328125,0.9422607421875
0.0045166015625,-0.1231689453125,0.9539794921875
0.028564453125,-0.12109375,0.985595703125
0.02099609375,-0.135009765625,0.9359130859375
0.0743408203125,-0.101806640625,0.98681640625
0.040283203125,-0.1038818359375,1.015625
-0.0079345703125,-0.1177978515625,1.03662109375
-0.0162353515625,-0.1263427734375,0.9976806640625
0.0076904296875,-0.115478515625,0.9639892578125
0.005126953125,-0.11279296875,0.92041015625
0.025390625,-0.11328125,0.9266357421875
0.016357421875,-0.1217041015625,0.9312744140625
-0.0169677734375,-0.1214599609375,0.9671630859375
-0.0263671875,-0.1373291015625,0.92822265625
0.0291748046875,-0.1387939453125,0.877197265625
0.0791015625,-0.12353515625,0.8948974609375
0.133544921875,-0.1124267578125,0.9141845703125
0.160888671875,-0.11376953125,0.9716796875
0.1580810546875,-0.1256103515625,0.958251953125
0.188232421875,-0.114990234375,0.936279296875
0.211181640625,-0.099365234375,0.921142578125
0.1661376953125,-0.089599609375,0.901123046875
0.1072998046875,-0.0860595703125,0.890869140625
0.03369140625,-0.10302734375,0.8416748046875
-0.0364990234375,-0.1068115234375,0.857177734375
0.002685546875,-0.09521484375,0.83544921875
0.032958984375,-0.0802001953125,0.815185546875
0.0140380859375,-0.087890625,0.81103515625
-0.046630859375,-0.098876953125,0.7996826171875
-0.0498046875,-0.10888671875,0.792724609375
-0.02197265625,-0.086181640625,0.7779541015625
0.0362548828125,-0.06396484375,0.8397216796875
0.0408935546875,-0.0654296875,0.8212890625
0.0303955078125,-0.0816650390625,0.7779541015625
-0.0838623046875,-0.1029052734375,0.7860107421875
-0.140625,-0.1246337890625,0.8380126953125
-0.1402587890625,-0.123046875,0.8953857421875
-0.1090087890625,-0.1109619140625,0.869140625
-0.1444091796875,-0.1114501953125,0.802978515625
-0.175537109375,-0.0946044921875,0.839111328125
-0.201171875,-0.1109619140625,0.844482421875
-0.191162109375,-0.119384765625,0.8349609375
-0.16748046875,-0.1168212890625,0.7991943359375
-0.111328125,-0.1336669921875,0.7940673828125
-0.1434326171875,-0.146728515625,0.810546875
-0.15576171875,-0.1851806640625,0.9097900390625
-0.142822265625,-0.17333984375,0.9407958984375
-0.1639404296875,-0.1689453125,0.8876953125
-0.188720703125,-0.1795654296875,0.88525390625
-0.18896484375,-0.1612548828125,0.909423828125
-0.12890625,-0.1484375,0.92431640625
-0.09716796875,-0.1368408203125,0.860107421875
-0.091064453125,-0.1429443359375,0.858154296875
-0.1151123046875,-0.1549072265625,0.83544921875
-0.1298828125,-0.1463623046875,0.843505859375
-0.092041015625,-0.146728515625,0.8641357421875
-0.0899658203125,-0.1497802734375,0.8870849609375
-0.1090087890625,-0.14404296875,0.93994140625
-0.1240234375,-0.1405029296875,0.9046630859375
-0.14111328125,-0.1376953125,0.879638671875
-0.133056640625,-0.1282958984375,0.862548828125
-0.12255859375,-0.1285400390625,0.8687744140625
-0.18408203125,-0.1300048828125,0.9007568359375
-0.1868896484375,-0.1246337890625,0.90478515625
-0.159912109375,-0.12646484375,0.8841552734375
-0.11376953125,-0.1148681640625,0.8509521484375
-0.123291015625,-0.103759765625,0.8463134765625
-0.1337890625,-0.097900390625,0.8756103515625
-0.1556396484375,-0.1177978515625,0.8558349609375
-0.11669921875,-0.1180419921875,0.876220703125
-0.132568359375,-0.1383056640625,0.90380859375
-0.1522216796875,-0.1162109375,0.889404296875
-0.136962890625,-0.113525390625,0.8309326171875
-0.1346435546875,-0.1026611328125,0.815673828125
-0.122802734375,-0.1070556640625,0.8271484375
-0.091796875,-0.102294921875,0.8275146484375
-0.102294921875,-0.109130859375,0.8150634765625
-0.0963134765625,-0.1151123046875,0.850341796875
-0.0667724609375,-0.0914306640625,0.938720703125
-0.0897216796875,-0.1004638671875,0.8594970703125
-0.13916015625,-0.10498046875,0.81591796875
-0.1690673828125,-0.0989990234375,0.8123779296875
-0.140380859375,-0.0970458984375,0.8135986328125
-0.0977783203125,-0.0823974609375,0.865234375
-0.06884765625,-0.1092529296875,0.9122314453125
-0.0841064453125,-0.097412109375,0.94384765625
-0.0596923828125,-0.095458984375,0.9288330078125
-0.0772705078125,-0.10107421875,0.8743896484375
-0.0994873046875,-0.103271484375,0.825927734375
-0.0689697265625,-0.0849609375,0.871826171875
-0.069580078125,-0.08251953125,0.8685302734375
-0.102783203125,-0.09375,0.8160400390625
-0.0921630859375,-0.0833740234375,0.80615234375
-0.074951171875,-0.073486328125,0.8280029296875
-0.1123046875,-0.1036376953125,0.7734375
-0.065185546875,-0.0657958984375,0.8309326171875
-0.0435791015625,-0.072265625,0.89111328125
-0.0819091796875,-0.0909423828125,0.8638916015625
-0.123779296875,-0.089111328125,0.857177734375
-0.169921875,-0.0960693359375,0.8560791015625
-0.1448974609375,-0.0782470703125,0.883056640625
-0.07080078125,-0.064453125,0.843017578125
-0.095947265625,-0.0902099609375,0.82421875
-0.0660400390625,-0.094482421875,0.82080078125
-0.1033935546875,-0.0980224609375,0.8468017578125
-0.1268310546875,-0.12109375,0.8603515625
-0.1180419921875,-0.0869140625,0.88427734375
-0.0870361328125,-0.0810546875,0.933837890625
-0.0167236328125,-0.06787109375,0.8997802734375
-0.044921875,-0.1044921875,0.8304443359375
-0.125732421875,-0.1136474609375,0.8719482421875
-0.088623046875,-0.088623046875,0.9576416015625
-0.0577392578125,-0.0931396484375,0.9130859375
0.0302734375,-0.06103515625,0.913330078125
0.0589599609375,-0.05517578125,0.86865234375
-0.01708984375,-0.0601806640625,0.897705078125
-0.0743408203125,-0.073974609375,0.8770751953125
-0.071044921875,-0.0645751953125,0.892333984375
-0.028076171875,-0.0595703125,0.9300537109375
-0.06201171875,-0.0712890625,0.893310546875
-0.0350341796875,-0.0767822265625,0.9132080078125
-0.0084228515625,-0.0654296875,0.9412841796875
-0.0216064453125,-0.0823974609375,0.912353515625
0.00439453125,-0.0693359375,0.8907470703125
0.009765625,-0.062744140625,0.881103515625
-0.0194091796875,-0.0693359375,0.92236328125
-0.0211181640625,-0.06591796875,0.909912109375
-0.04345703125,-0.07421875,0.88134765625
-0.020751953125,-0.07177734375,0.8575439453125
-0.0384521484375,-0.0654296875,0.8433837890625
-0.13037109375,-0.058349609375,0.86083984375
-0.206298828125,-0.083740234375,0.832275390625
-0.139892578125,-0.068603515625,0.816650390625
-0.1510009765625,-0.071533203125,0.84033203125
-0.21630859375,-0.0828857421875,0.8797607421875
-0.111328125,-0.0692138671875,0.8531494140625
-0.0980224609375,-0.0775146484375,0.8045654296875
-0.1727294921875,-0.065185546875,0.84765625
-0.2630615234375,-0.0848388671875,0.8240966796875
-0.217529296875,-0.07373046875,0.8382568359375
-0.1192626953125,-0.054931640625,0.8177490234375
-0.1617431640625,-0.0821533203125,0.7574462890625
-0.2762451171875,-0.1007080078125,0.8250732421875
-0.2774658203125,-0.095458984375,0.8614501953125
-0.232177734375,-0.1014404296875,0.7940673828125
-0.232177734375,-0.1051025390625,0.8172607421875
-0.228759765625,-0.0955810546875,0.8685302734375
-0.1851806640625,-0.111328125,0.835205078125
-0.1455078125,-0.0970458984375,0.8477783203125
-0.2254638671875,-0.106201171875,0.846435546875
-0.2855224609375,-0.1038818359375,0.8648681640625
-0.2852783203125,-0.1102294921875,0.852783203125
-0.193603515625,-0.110107421875,0.8349609375
-0.19287109375,-0.103515625,0.83251953125
-0.2391357421875,-0.10302734375,0.8333740234375
-0.246337890625,-0.109619140625,0.822265625
-0.1431884765625,-0.1016845703125,0.86865234375
-0.190185546875,-0.0958251953125,0.8389892578125
-0.2369384765625,-0.0992431640625,0.868408203125
-0.2808837890625,-0.0977783203125,0.8546142578125
-0.2706298828125,-0.1070556640625,0.80810546875
-0.197265625,-0.1094970703125,0.83984375
-0.18505859375,-0.1085205078125,0.836669921875
-0.1876220703125,-0.1082763671875,0.8802490234375
-0.2056884765625,-0.1151123046875,0.88134765625
-0.195068359375,-0.1214599609375,0.892333984375
-0.2327880859375,-0.114013671875,0.8734130859375
-0.23486328125,-0.1082763671875,0.8692626953125
-0.22705078125,-0.1136474609375,0.8629150390625
-0.2371826171875,-0.111572265625,0.843994140625
-0.2408447265625,-0.103759765625,0.8880615234375
-0.2388916015625,-0.11328125,0.8585205078125
-0.2724609375,-0.110107421875,0.8275146484375
-0.26171875,-0.10009765625,0.84521484375
-0.2235107421875,-0.1097412109375,0.87158203125
-0.22802734375,-0.1077880859375,0.86865234375
-0.234375,-0.1129150390625,0.866943359375
-0.2047119140625,-0.093505859375,0.8946533203125
-0.1455078125,-0.09716796875,0.8995361328125
-0.1549072265625,-0.0914306640625,0.889892578125
-0.16845703125,-0.091796875,0.871826171875
-0.1856689453125,-0.078369140625,0.85400390625
-0.158447265625,-0.0743408203125,0.8221435546875
-0.1427001953125,-0.06689453125,0.8172607421875
-0.12109375,-0.0665283203125,0.8182373046875
-0.1165771484375,-0.061279296875,0.8497314453125
-0.119873046875,-0.06689453125,0.8349609375
-0.1385498046875,-0.0694580078125,0.8182373046875
-0.099609375,-0.0723876953125,0.8338623046875
-0.10107421875,-0.0645751953125,0.8330078125
-0.1016845703125,-0.0675048828125,0.8446044921875
-0.098388671875,-0.0482177734375,0.873779296875
-0.1131591796875,-0.049072265625,0.8372802734375
-0.1484375,-0.0494384765625,0.778564453125
-0.1435546875,-0.0517578125,0.710205078125
-0.087158203125,-0.047607421875,0.738525390625
-0.0582275390625,-0.0428466796875,0.845458984375
-0.0914306640625,-0.0546875,0.867919921875
-0.092041015625,-0.06689453125,0.879150390625
-0.091796875,-0.0655517578125,0.8590087890625
-0.1368408203125,-0.0694580078125,0.8447265625
-0.129638671875,-0.0628662109375,0.8453369140625
-0.1278076171875,-0.0537109375,0.843994140625
-0.1065673828125,-0.0716552734375,0.8511962890625
-0.1302490234375,-0.083984375,0.8607177734375
-0.08837890625,-0.0902099609375,0.9007568359375
-0.0216064453125,-0.077392578125,0.9549560546875
0.0130615234375,-0.0538330078125,0.983154296875
0.0150146484375,-0.0443115234375,0.9493408203125
-0.094482421875,-0.083984375,0.879150390625
-0.060546875,-0.05859375,0.9154052734375
0.010498046875,-0.0682373046875,0.8787841796875
0.01123046875,-0.065185546875,0.8701171875
0.0325927734375,-0.0360107421875,0.9627685546875
0.0615234375,-0.0302734375,0.9486083984375
0.0311279296875,-0.055419921875,0.8367919921875
-0.0089111328125,-0.0384521484375,0.87158203125
-0.018310546875,-0.0252685546875,0.9547119140625
-0.0426025390625,-0.0328369140625,0.937744140625
-0.046630859375,-0.050048828125,0.8970947265625
-0.010498046875,-0.0362548828125,0.91357421875
-0.00439453125,-0.0557861328125,0.8946533203125
0.0054931640625,-0.0413818359375,0.927490234375
0.00244140625,-0.042236328125,0.9207763671875
-0.002197265625,-0.046630859375,0.9013671875
0.0093994140625,-0.0341796875,0.9110107421875
-0.001953125,-0.0423583984375,0.906982421875
-0.03857421875,-0.0482177734375,0.8660888671875
-0.049072265625,-0.042724609375,0.8345947265625
-0.041748046875,-0.0382080078125,0.874267578125
-0.0399169921875,-0.0513916015625,0.8707275390625
-0.0430908203125,-0.0357666015625,0.855224609375
-0.0499267578125,-0.04052734375,0.8653564453125
-0.09423828125,-0.0538330078125,0.8558349609375
-0.14013671875,-0.04541015625,0.902587890625
-0.1510009765625,-0.0638427734375,0.8729248046875
-0.1103515625,-0.0264892578125,0.915283203125
-0.128173828125,-0.028564453125,0.90283203125
-0.1197509765625,-0.0367431640625,0.8905029296875
-0.107421875,-0.0218505859375,0.86962890625
-0.056640625,-0.04150390625,0.81298828125
-0.044677734375,-0.025146484375,0.831298828125
-0.0286865234375,-0.0198974609375,0.831298828125
-0.1181640625,-0.0250244140625,0.8905029296875
-0.096435546875,-0.0107421875,0.9342041015625
-0.07958984375,-0.0179443359375,0.8726806640625
-0.079345703125,-0.0181884765625,0.8172607421875
-0.024169921875,-0.02880859375,0.769775390625
-0.0084228515625,-0.0294189453125,0.787109375
-0.04541015625,-0.0372314453125,0.7972412109375
-0.0281982421875,-0.0242919921875,0.7906494140625
0.0777587890625,-0.0057373046875,0.7679443359375
0.017578125,-0.1865234375,0.7294921875
-0.225830078125,-0.0367431640625,0.8682861328125
-0.162353515625,-0.064453125,0.90283203125
-0.155517578125,-0.0765380859375,0.928955078125
-0.0792236328125,-0.0418701171875,1.0001220703125
-0.071044921875,-0.0546875,0.9649658203125
-0.053955078125,-0.072998046875,0.8829345703125
-0.0596923828125,-0.0787353515625,0.888671875
-0.0006103515625,-0.06201171875,0.93798828125
0.0020751953125,-0.08447265625,0.899169921875
0.02001953125,-0.0806884765625,0.8486328125
-0.07763671875,-0.06689453125,0.866455078125
-0.08349609375,-0.06689453125,0.9127197265625
-0.11083984375,-0.0826416015625,0.849609375
-0.052978515625,-0.0843505859375,0.8863525390625
-0.0517578125,-0.0887451171875,0.8944091796875
-0.05029296875,-0.0909423828125,0.9063720703125
-0.0780029296875,-0.0863037109375,0.9085693359375
-0.12158203125,-0.090087890625,0.9007568359375
-0.0823974609375,-0.08544921875,0.8802490234375
-0.04931640625,-0.0762939453125,0.8607177734375
-0.0731201171875,-0.08935546875,0.8565673828125
-0.0888671875,-0.089111328125,0.8740234375
-0.080322265625,-0.093505859375,0.9078369140625
-0.1129150390625,-0.0806884765625,0.91552734375
-0.0867919921875,-0.08642578125,0.90576171875
-0.0689697265625,-0.08056640625,0.899169921875
-0.046875,-0.073486328125,0.887451171875
-0.04443359375,-0.0711669921875,0.87255859375
-0.112548828125,-0.0848388671875,0.8680419921875
-0.1182861328125,-0.0748291015625,0.8944091796875
-0.1441650390625,-0.0714111328125,0.86328125
-0.08642578125,-0.052978515625,0.8994140625
-0.0482177734375,-0.0567626953125,0.8765869140625
-0.083984375,-0.058349609375,0.8739013671875
-0.0767822265625,-0.0611572265625,0.8553466796875
-0.068359375,-0.060546875,0.866943359375
-0.02099609375,-0.0482177734375,0.9227294921875
-0.002197265625,-0.0533447265625,0.882080078125
0.015869140625,-0.04248046875,0.857421875
0.00146484375,-0.0269775390625,0.84228515625
-0.02978515625,-0.0235595703125,0.8199462890625
-0.0665283203125,-0.0230712890625,0.8125
-0.0595703125,-0.0184326171875,0.8228759765625
-0.022216796875,-0.0234375,0.8193359375
0.0106201171875,-0.013427734375,0.845458984375
0.0504150390625,0.0152587890625,0.83740234375
0.0157470703125,-0.0201416015625,0.7991943359375
0.0040283203125,-0.0098876953125,0.8077392578125
0.0172119140625,0.0048828125,0.8165283203125
-0.0362548828125,-0.0159912109375,0.8511962890625
-0.0494384765625,-0.0098876953125,0.89599609375
-0.014404296875,-0.0172119140625,0.9029541015625
0.026611328125,-0.006103515625,0.8917236328125
0.0096435546875,-0.003662109375,0.911376953125
0.0106201171875,-0.0145263671875,0.848876953125
0.04638671875,-0.0067138671875,0.794189453125
0.036865234375,0.0125732421875,0.8795166015625
0.0518798828125,-0.013916015625,0.9329833984375
0.0911865234375,-0.0028076171875,0.875732421875
0.068115234375,0.0064697265625,0.906494140625
0.0233154296875,0.0174560546875,0.9658203125
0.016357421875,0.015380859375,0.9122314453125
-0.05078125,-0.0194091796875,0.896728515625
-0.0067138671875,-0.0130615234375,0.944091796875
0.0035400390625,-0.017578125,0.9166259765625
0.0408935546875,-0.00439453125,0.8917236328125
0.045166015625,-0.009033203125,0.884033203125
0.006591796875,0.001708984375,0.874267578125
-0.017822265625,-0.009765625,0.85791015625
0.0035400390625,-0.0177001953125,0.8724365234375
-0.0028076171875,-0.025634765625,0.8978271484375
-0.0322265625,-0.0201416015625,0.9017333984375
-0.022705078125,-0.022216796875,0.8995361328125
-0.019287109375,-0.030517578125,0.88427734375
-0.03076171875,-0.0340576171875,0.84130859375
-0.0499267578125,-0.0255126953125,0.8392333984375
-0.0894775390625,-0.02490234375,0.8865966796875
-0.07421875,-0.02734375,0.916015625
-0.0606689453125,-0.0360107421875,0.917724609375
-0.0567626953125,-0.0430908203125,0.876708984375
-0.0130615234375,-0.01708984375,0.8577880859375
0.0125732421875,-0.011962890625,0.8458251953125
0.0301513671875,-0.022705078125,0.7938232421875
-0.0294189453125,-0.03857421875,0.7637939453125
-0.0526123046875,-0.0194091796875,0.840087890625
-0.0504150390625,-0.0262451171875,0.8582763671875
0.00244140625,-0.0283203125,0.84130859375
0.023193359375,-0.027099609375,0.8336181640625
0.0531005859375,-0.0135498046875,0.814208984375
0.064453125,-0.0103759765625,0.8304443359375
0.05029296875,-0.012939453125,0.813720703125
0.0550537109375,-0.001220703125,0.8380126953125
0.050048828125,-0.0076904296875,0.8642578125
-0.03955078125,-0.0419921875,0.8460693359375
-0.0419921875,-0.0313720703125,0.8887939453125
-0.0057373046875,-0.045166015625,0.90087890625
0.0699462890625,-0.0343017578125,0.8677978515625
0.0909423828125,-0.0404052734375,0.9227294921875
0.0472412109375,-0.049072265625,1.0078125
0.0302734375,-0.072509765625,1.00439453125
0.0067138671875,-0.08447265625,0.98779296875
0.0174560546875,-0.0845947265625,0.9613037109375
0.0469970703125,-0.0596923828125,0.94189453125
0.0252685546875,-0.060791015625,0.9112548828125
-0.064453125,-0.0845947265625,0.9229736328125
-0.10546875,-0.0771484375,0.9833984375
-0.1109619140625,-0.075439453125,1.029296875
-0.0535888671875,-0.0657958984375,0.96923828125
-0.0074462890625,-0.0714111328125,0.9931640625
-0.135009765625,-0.0633544921875,1.0294189453125
-0.1585693359375,-0.084228515625,0.9598388671875
-0.194580078125,-0.077392578125,0.9144287109375
-0.251953125,-0.0750732421875,0.9111328125
-0.22021484375,-0.073486328125,0.9351806640625
-0.0386962890625,-0.0758056640625,0.993896484375
-0.0504150390625,-0.079833984375,0.9403076171875
-0.1407470703125,-0.095703125,0.94482421875
-0.172119140625,-0.0582275390625,0.917724609375
-0.168212890625,-0.0667724609375,0.859375
-0.131591796875,-0.0576171875,0.8492431640625
-0.0533447265625,-0.0697021484375,0.9091796875
-0.05126953125,-0.0667724609375,0.8824462890625
-0.0736083984375,-0.0595703125,0.873291015625
-0.1220703125,-0.056884765625,0.8172607421875
-0.1336669921875,-0.0439453125,0.82177734375
-0.091796875,-0.049072265625,0.8267822265625
-0.0675048828125,-0.0513916015625,0.8712158203125
-0.04931640625,-0.05126953125,0.887451171875
-0.0689697265625,-0.0313720703125,0.8958740234375
-0.0650634765625,-0.048095703125,0.8497314453125
-0.0784912109375,-0.054931640625,0.8560791015625
-0.0775146484375,-0.0416259765625,0.8753662109375
-0.050537109375,-0.0372314453125,0.8363037109375
-0.076171875,-0.0308837890625,0.8514404296875
-0.0655517578125,-0.0242919921875,0.8114013671875
-0.072265625,-0.0267333984375,0.7939453125
-0.0889892578125,-0.0235595703125,0.7647705078125
-0.0709228515625,-0.0301513671875,0.760009765625
-0.0565185546875,-0.009521484375,0.7867431640625
-0.058837890625,-0.0269775390625,0.7557373046875
-0.062255859375,-0.02392578125,0.7557373046875
-0.0018310546875,-0.022705078125,0.7799072265625
-0.0189208984375,-0.00537109375,0.8160400390625
-0.017578125,-0.0106201171875,0.78759765625
-0.0826416015625,-0.013916015625,0.789306640625
-0.073486328125,-0.0028076171875,0.7847900390625
-0.0614013671875,-0.0010986328125,0.7554931640625
-0.02880859375,-0.0155029296875,0.7525634765625
0.03564453125,-0.00537109375,0.7952880859375
0.0010986328125,-0.029541015625,0.782958984375
-0.01416015625,-0.016845703125,0.833984375
-0.0113525390625,-0.0106201171875,0.8187255859375
-0.0135498046875,0.00927734375,0.8369140625
0.07470703125,0.0157470703125,0.7916259765625
0.1195068359375,0.023193359375,0.7315673828125
0.11376953125,0.01904296875,0.7384033203125
0.0108642578125,-0.0299072265625,0.776123046875
0.0174560546875,-0.01123046875,0.82666015625
0.0838623046875,-0.001708984375,0.870361328125
0.11181640625,0.004638671875,0.8978271484375
0.0880126953125,0.0020751953125,0.860107421875
0.0516357421875,-0.002685546875,0.8358154296875
0.0220947265625,-0.0264892578125,0.8316650390625
0.059326171875,-0.0013427734375,0.8953857421875
0.0994873046875,-0.0001220703125,0.928466796875
0.107666015625,-0.0059814453125,0.8817138671875
0.13671875,-0.0224609375,0.8424072265625
0.10009765625,-0.0347900390625,0.8431396484375
0.0784912109375,-0.0328369140625,0.87451171875
0.0482177734375,-0.0281982421875,0.9595947265625
0.0638427734375,-0.0306396484375,0.9700927734375
0.0419921875,-0.0438232421875,0.9716796875
0.039794921875,-0.0677490234375,0.978515625
0.0057373046875,-0.068603515625,1.04052734375
0.019775390625,-0.0677490234375,1.0179443359375
0.080322265625,-0.0474853515625,1.002685546875
0.138671875,-0.0458984375,0.9234619140625
0.0887451171875,-0.0419921875,0.9429931640625
0.036865234375,-0.045654296875,0.96240234375
0.004638671875,-0.0606689453125,0.9422607421875
-0.0289306640625,-0.065673828125,0.9468994140625
0.017822265625,-0.083984375,0.95556640625
0.00927734375,-0.0721435546875,0.9556884765625
0.022705078125,-0.0782470703125,0.9339599609375
0.018310546875,-0.0692138671875,0.9288330078125
-0.00927734375,-0.0621337890625,0.939453125
-0.0535888671875,-0.10400390625,0.9246826171875
-0.044189453125,-0.085205078125,0.9866943359375
0.0018310546875,-0.0704345703125,0.9632568359375
0.0311279296875,-0.0653076171875,0.9337158203125
-0.0067138671875,-0.062255859375,0.913330078125
-0.033203125,-0.081787109375,0.9202880859375
-0.0611572265625,-0.0709228515625,0.929931640625
-0.0301513671875,-0.0797119140625,0.9342041015625
-0.0072021484375,-0.0885009765625,0.9329833984375
-0.066162109375,-0.08984375,0.9339599609375
-0.060302734375,-0.075927734375,0.970703125
-0.0819091796875,-0.084716796875,0.9580078125
-0.02734375,-0.0732421875,0.966064453125
-0.06298828125,-0.0810546875,0.92431640625
-0.095947265625,-0.0806884765625,0.8778076171875
-0.0758056640625,-0.0809326171875,0.927978515625
-0.0946044921875,-0.07275390625,0.94140625
-0.124267578125,-0.0904541015625,0.9443359375
-0.13330078125,-0.065673828125,0.9312744140625
-0.1763916015625,-0.0595703125,0.89599609375
-0.1744384765625,-0.07568359375,0.904296875
-0.1187744140625,-0.073974609375,0.9381103515625
-0.1024169921875,-0.0703125,0.9906005859375
-0.104248046875,-0.0792236328125,0.9464111328125
-0.134521484375,-0.0521240234375,0.9254150390625
-0.087890625,-0.02587890625,0.926513671875
-0.099609375,-0.0457763671875,0.869873046875
-0.12109375,-0.04296875,0.8582763671875
-0.084228515625,-0.03955078125,0.8441162109375
-0.0877685546875,-0.036376953125,0.8988037109375
-0.0450439453125,-0.0347900390625,0.8731689453125
-0.072998046875,-0.031982421875,0.830810546875
-0.05029296875,-0.03076171875,0.795166015625
-0.014404296875,-0.01806640625,0.8555908203125
-0.00537109375,-0.0035400390625,0.8809814453125
-0.02490234375,-0.0118408203125,0.8404541015625
0.0245361328125,-0.00732421875,0.823486328125
-0.0206298828125,-0.0157470703125,0.747314453125
0.0299072265625,-0.04052734375,0.777587890625
0.034912109375,-0.0556640625,0.80615234375
0.0999755859375,-0.044189453125,0.7835693359375
0.3668212890625,0.0408935546875,1.0042724609375
0.0509033203125,-0.0850830078125,0.847900390625
0.1319580078125,-0.0167236328125,0.8162841796875
0.1207275390625,-0.0445556640625,0.8353271484375
0.1143798828125,-0.0618896484375,0.8270263671875
0.177978515625,-0.0570068359375,0.7586669921875
0.2064208984375,-0.0537109375,0.6964111328125
0.283203125,-0.0582275390625,0.574951171875
0.1859130859375,-0.0653076171875,0.7083740234375
0.255126953125,-0.0498046875,0.6326904296875
0.2567138671875,-0.15625,0.8292236328125
0.171142578125,-0.1395263671875,0.771728515625
0.2061767578125,-0.1583251953125,0.671630859375
0.3133544921875,-0.1884765625,0.8531494140625
0.27978515625,-0.1824951171875,0.74755859375
0.2486572265625,-0.14990234375,0.658935546875
0.2093505859375,-0.1400146484375,0.7181396484375
0.2213134765625,-0.1431884765625,0.764892578125
0.263427734375,-0.16748046875,0.767333984375
0.313232421875,-0.1387939453125,0.805419921875
0.36767578125,-0.135498046875,0.769287109375
0.3660888671875,-0.106201171875,0.739501953125
0.3453369140625,-0.106201171875,0.72802734375
0.2667236328125,-0.1290283203125,0.7265625
0.26611328125,-0.0966796875,0.8214111328125
0.315673828125,-0.0772705078125,0.8255615234375
0.4073486328125,-0.03515625,0.85986328125
0.411376953125,-0.0213623046875,0.84716796875
0.43408203125,-0.005615234375,0.8680419921875
0.3343505859375,-0.03857421875,0.90966796875
0.3084716796875,-0.0255126953125,0.866943359375
0.3135986328125,-0.0234375,0.8516845703125
0.3076171875,-0.015625,0.842529296875
0.3240966796875,-0.0130615234375,0.8673095703125
0.27294921875,-0.02099609375,0.893310546875
0.2999267578125,-0.0157470703125,0.9461669921875
0.27783203125,-0.0308837890625,0.9112548828125
0.2481689453125,-0.0535888671875,0.891845703125
0.189208984375,-0.0528564453125,0.914794921875
-1.149169921875,1.1004638671875,1.0404052734375
0.161376953125,-0.15380859375,0.8521728515625
0.1134033203125,0.0045166015625,0.9141845703125
0.487548828125,-1.0968017578125,1.15771484375
0.2762451171875,0.061767578125,0.957275390625
0.082763671875,-0.04931640625,0.9459228515625
0.1259765625,-0.0316162109375,0.933837890625
0.1177978515625,-0.0308837890625,0.9488525390625
0.119384765625,-0.05078125,0.9351806640625
0.07177734375,-0.0869140625,0.91162109375
0.103515625,-0.0943603515625,0.86181640625
0.1162109375,-0.0753173828125,0.900634765625
0.1243896484375,-0.06787109375,0.9122314453125
0.0711669921875,-0.104736328125,0.8411865234375
0.048583984375,-0.1041259765625,0.8466796875
0.025390625,-0.1175537109375,0.8868408203125
0.0689697265625,-0.091796875,0.9176025390625
0.05615234375,-0.1044921875,0.883544921875
0.0654296875,-0.1031494140625,0.8333740234375
-0.045166015625,-0.11962890625,1.002685546875
0.0655517578125,-0.089111328125,0.9007568359375
0.0008544921875,-0.12158203125,0.9434814453125
-0.0159912109375,-0.1376953125,0.9317626953125
0.0150146484375,-0.138671875,0.8935546875
-0.0145263671875,-0.1611328125,0.8787841796875
0.017822265625,-0.17529296875,0.8026123046875
0.0162353515625,-0.1787109375,0.8433837890625
-0.0054931640625,-0.1953125,0.8896484375
-0.0384521484375,-0.1895751953125,0.864501953125
0.052734375,-0.2464599609375,0.68994140625
-0.0225830078125,-0.260009765625,0.8370361328125
0.0216064453125,-0.1453857421875,0.8404541015625
-0.0166015625,-0.2301025390625,0.8787841796875
-0.0860595703125,-0.2916259765625,0.7532958984375
-0.0728759765625,-0.317138671875,0.8824462890625
-0.0137939453125,-0.2083740234375,0.914306640625
-0.0445556640625,-0.3123779296875,0.8843994140625
-0.0306396484375,-0.2689208984375,0.849365234375
-0.0439453125,-0.2884521484375,0.8643798828125
-0.028564453125,-0.2899169921875,0.8575439453125
-0.0035400390625,-0.2852783203125,0.822998046875
-0.01953125,-0.281494140625,0.8426513671875
-0.0147705078125,-0.312744140625,0.83251953125
0.01123046875,-0.2926025390625,0.8387451171875
0.006591796875,-0.275634765625,0.828369140625
-0.014892578125,-0.2767333984375,0.848388671875
0.0277099609375,-0.2840576171875,0.762939453125
0.0333251953125,-0.251220703125,0.84326171875
0.080810546875,-0.2215576171875,1.05078125
0.0538330078125,-0.2554931640625,0.867431640625
0.0662841796875,-0.2296142578125,0.977294921875
0.0966796875,-0.0770263671875,1.3486328125
0.2017822265625,-0.3338623046875,1.12060546875
0.0670166015625,-0.154052734375,0.9227294921875
0.2060546875,-0.056640625,0.99365234375
0.198486328125,-0.121826171875,0.8370361328125
0.1551513671875,-0.104736328125,0.8641357421875
0.1605224609375,-0.0889892578125,0.86962890625
0.172119140625,-0.0667724609375,0.8948974609375
0.14208984375,-0.0750732421875,0.849853515625
0.155517578125,-0.0673828125,0.8648681640625
0.178955078125,-0.0516357421875,0.87255859375
0.1668701171875,-0.0633544921875,0.8544921875
0.2001953125,-0.0164794921875,0.8953857421875
0.129638671875,-0.0714111328125,0.801025390625
0.102294921875,-0.0218505859375,0.7677001953125
0.2158203125,-0.007080078125,0.87158203125
0.18603515625,0.00146484375,0.8690185546875
0.19091796875,0.0032958984375,0.8763427734375
0.192138671875,-0.0228271484375,0.8797607421875
0.17236328125,-0.0045166015625,0.86474609375
0.1702880859375,-0.007568359375,0.86962890625
0.1776123046875,-0.00439453125,0.8702392578125
0.1763916015625,-0.00439453125,0.8692626953125
0.17724609375,-0.001708984375,0.8724365234375
0.1727294921875,0.00146484375,0.871337890625
0.17724609375,-0.00439453125,0.868408203125
0.1776123046875,-0.005615234375,0.873291015625
0.178955078125,-0.004638671875,0.880126953125
0.164794921875,-0.0106201171875,0.8743896484375
0.1810302734375,-0.0030517578125,0.86572265625
0.1572265625,-0.010498046875,0.864501953125
0.1705322265625,0.0042724609375,0.8360595703125
-0.3052978515625,-0.381591796875,1.99993896484375
0.0596923828125,-0.030517578125,0.909912109375
0.057373046875,0.06591796875,0.9571533203125
0.0416259765625,-0.0130615234375,0.8963623046875
0.0450439453125,-0.0068359375,0.8824462890625
0.0330810546875,-0.0010986328125,0.8912353515625
0.0411376953125,-0.0003662109375,0.8984375
0.0543212890625,-0.0008544921875,0.845947265625
0.05419921875,-0.0052490234375,0.87939453125
0.0609130859375,-0.01123046875,0.883056640625
0.025390625,-0.0054931640625,0.876708984375
0.04150390625,-0.0107421875,0.88671875
0.0494384765625,-0.008056640625,0.8797607421875
0.046630859375,-0.012451171875,0.8804931640625
0.0438232421875,0.0035400390625,0.88232421875
0.0419921875,-0.00244140625,0.8819580078125
0.045166015625,-0.003662109375,0.880126953125
0.0447998046875,-0.004638671875,0.8851318359375
0.04345703125,-0.0057373046875,0.9041748046875
0.0416259765625,-0.0023193359375,0.8822021484375
0.0484619140625,-0.00439453125,0.8822021484375
0.0325927734375,-0.008056640625,0.8765869140625
0.044921875,-0.0067138671875,0.8746337890625
0.050048828125,-0.0020751953125,0.8819580078125
0.04248046875,-0.001220703125,0.8807373046875
0.0416259765625,-0.006591796875,0.8809814453125
0.044189453125,-0.0045166015625,0.8798828125
0.0443115234375,0.0003662109375,0.88427734375
0.032470703125,-0.00146484375,0.8765869140625
0.0501708984375,-0.0064697265625,0.8824462890625
0.0455322265625,-0.00390625,0.87451171875
0.044677734375,-0.00341796875,0.878173828125
0.044921875,0.0009765625,0.884521484375
0.04296875,-0.0001220703125,0.8782958984375
0.046630859375,-0.0047607421875,0.8798828125
0.0592041015625,-0.0008544921875,0.883544921875
0.0428466796875,-0.003662109375,0.8804931640625
0.0452880859375,-0.0050048828125,0.882080078125
0.0499267578125,-0.002197265625,0.8841552734375
0.0440673828125,-0.00537109375,0.88427734375
0.044189453125,-0.00390625,0.8828125
0.0623779296875,-0.0023193359375,0.8839111328125
0.037841796875,-0.0030517578125,0.87890625
0.0455322265625,-0.0074462890625,0.8790283203125
0.0574951171875,-0.0042724609375,0.888427734375
0.04345703125,-0.0142822265625,0.881103515625
0.0447998046875,-0.0028076171875,0.880615234375
0.0430908203125,-0.006103515625,0.8834228515625
0.0401611328125,-0.0048828125,0.880859375
0.04541015625,0.002197265625,0.880615234375
0.045166015625,-0.008544921875,0.879150390625
0.0435791015625,-0.005126953125,0.88330078125
0.048095703125,-0.0068359375,0.8792724609375
0.0433349609375,-0.00390625,0.8792724609375
0.0460205078125,-0.005126953125,0.887939453125
0.041015625,0.0009765625,0.88916015625
0.04541015625,-0.002197265625,0.875732421875
0.06103515625,-0.013671875,0.8822021484375
0.044921875,-0.0013427734375,0.8785400390625
0.044921875,0.009521484375,0.882568359375
0.0499267578125,-0.0032958984375,0.88330078125
0.0428466796875,-0.005615234375,0.8759765625
0.0445556640625,-0.0009765625,0.876708984375
0.0457763671875,-0.008056640625,0.8779296875
0.0526123046875,-0.0045166015625,0.8814697265625
0.0345458984375,-0.0009765625,0.8804931640625
0.0433349609375,-0.0006103515625,0.88134765625
0.045166015625,-0.001220703125,0.8797607421875
0.0443115234375,-0.004150390625,0.878662109375
0.046142578125,-0.004150390625,0.8780517578125
0.0423583984375,-0.006103515625,0.8790283203125
0.04443359375,0.0006103515625,0.8824462890625
0.0440673828125,-0.0050048828125,0.8828125
0.04541015625,0.0125732421875,0.875244140625
0.0458984375,-0.0059814453125,0.88037109375
0.0618896484375,-0.001220703125,0.8865966796875
0.0438232421875,-0.003173828125,0.8863525390625
0.051025390625,-0.001708984375,0.883056640625
0.050537109375,-0.003173828125,0.8751220703125
0.0479736328125,-0.0035400390625,0.8798828125
0.04833984375,-0.005126953125,0.87744140625
0.0426025390625,-0.0018310546875,0.8804931640625
0.0445556640625,-0.001953125,0.8809814453125
0.043701171875,-0.0037841796875,0.88134765625
0.033935546875,-0.0072021484375,0.8790283203125
0.043701171875,0.0,0.8800048828125
0.042236328125,-0.0020751953125,0.8812255859375
0.0445556640625,-0.0028076171875,0.8800048828125
0.0433349609375,-0.00439453125,0.8870849609375
0.0455322265625,-0.0040283203125,0.8826904296875
0.0447998046875,-0.0032958984375,0.8824462890625
0.0469970703125,-0.0076904296875,0.8819580078125
0.061767578125,-0.002685546875,0.877197265625
0.04638671875,-0.00439453125,0.8875732421875
0.0472412109375,-0.0059814453125,0.880859375
0.0439453125,-0.00390625,0.8837890625
0.050537109375,0.003662109375,0.879638671875
0.0430908203125,-0.0054931640625,0.8822021484375
0.045166015625,-0.0009765625,0.8814697265625
0.045166015625,-0.002685546875,0.8795166015625
0.0426025390625,-0.004638671875,0.8817138671875
0.0457763671875,-0.0009765625,0.88330078125
0.0482177734375,-0.0037841796875,0.87841796875
0.0443115234375,-0.00244140625,0.875
0.043212890625,-0.001220703125,0.8885498046875
0.0439453125,0.0130615234375,0.8787841796875
0.044189453125,-0.007080078125,0.8812255859375
0.04541015625,-0.0037841796875,0.8802490234375
0.0325927734375,-0.0052490234375,0.8819580078125
0.043701171875,-0.00634765625,0.8837890625
0.0460205078125,-0.0050048828125,0.876953125
0.045654296875,-0.00439453125,0.885498046875
0.048583984375,-0.0089111328125,0.8839111328125
0.0518798828125,-0.0018310546875,0.88330078125
0.0477294921875,-0.0035400390625,0.8740234375
0.0477294921875,-0.004638671875,0.8831787109375
0.0450439453125,-0.005615234375,0.881591796875
0.0433349609375,0.00146484375,0.88134765625
0.0421142578125,-0.0010986328125,0.879150390625
0.0474853515625,-0.004638671875,0.875244140625
0.042724609375,-0.00244140625,0.882080078125
0.042724609375,0.00341796875,0.8804931640625
0.041015625,-0.013427734375,0.8809814453125
0.044921875,-0.0045166015625,0.876220703125
0.042724609375,-0.004150390625,0.886474609375
0.0404052734375,-0.001708984375,0.8780517578125
0.060791015625,-0.002685546875,0.886474609375
0.047607421875,-0.003173828125,0.881103515625
0.0413818359375,-0.00244140625,0.879638671875
0.0455322265625,-0.0068359375,0.87744140625
0.0487060546875,-0.010498046875,0.877197265625
0.0450439453125,0.00244140625,0.8765869140625
0.0462646484375,0.000732421875,0.881103515625
0.0322265625,-0.002685546875,0.87646484375
0.0445556640625,-0.0067138671875,0.87890625
0.0467529296875,-0.00634765625,0.8826904296875
0.04248046875,-0.0010986328125,0.8836669921875
0.0491943359375,-0.003662109375,0.8831787109375
0.046875,-0.0018310546875,0.8800048828125
0.0433349609375,-0.0064697265625,0.88232421875
0.03955078125,-0.0035400390625,0.8819580078125
0.0423583984375,-0.003173828125,0.8800048828125
0.042236328125,0.002197265625,0.8818359375
0.0504150390625,-0.0072021484375,0.8792724609375
0.033203125,-0.002685546875,0.8748779296875
0.045166015625,-0.0009765625,0.8818359375
0.0484619140625,0.0028076171875,0.880126953125
0.044677734375,-0.0018310546875,0.8751220703125
0.041748046875,-0.00048828125,0.874267578125
0.045166015625,-0.00341796875,0.8846435546875
0.0394287109375,-0.0028076171875,0.8787841796875
0.059814453125,-0.0045166015625,0.8759765625
0.045166015625,-0.005615234375,0.8802490234375
0.054443359375,-0.0040283203125,0.8741455078125
0.044189453125,-0.0035400390625,0.8828125
0.04345703125,-0.0072021484375,0.8876953125
0.0443115234375,-0.0052490234375,0.881591796875
0.0423583984375,-0.00439453125,0.8828125
0.0445556640625,-0.002685546875,0.8809814453125
0.0452880859375,-0.0035400390625,0.88427734375
0.04296875,-0.0023193359375,0.8824462890625
0.046142578125,-0.0054931640625,0.877685546875
0.0408935546875,-0.003662109375,0.885986328125
0.0618896484375,-0.001220703125,0.8883056640625
0.040283203125,-0.0064697265625,0.8765869140625
0.0419921875,-0.0096435546875,0.87744140625
0.03955078125,0.00146484375,0.8826904296875
0.0408935546875,-0.0006103515625,0.88330078125
0.0447998046875,-0.0006103515625,0.8616943359375
0.045166015625,-0.0050048828125,0.882080078125
0.044189453125,-0.0057373046875,0.8834228515625
0.0447998046875,-0.00341796875,0.885009765625
0.047607421875,-0.0006103515625,0.8809814453125
0.0462646484375,-0.0047607421875,0.882080078125
0.0462646484375,-0.0062255859375,0.8782958984375
0.04931640625,-0.0059814453125,0.88427734375
0.0406494140625,-0.0008544921875,0.8836669921875
0.0450439453125,-0.0009765625,0.8837890625
0.0452880859375,-0.0064697265625,0.8809814453125
0.0457763671875,0.0003662109375,0.886962890625
0.0411376953125,-0.0029296875,0.8797607421875
0.0435791015625,-0.0020751953125,0.880859375
0.0484619140625,-0.0008544921875,0.87841796875
0.046142578125,-0.003662109375,0.8780517578125
0.0452880859375,-0.0003662109375,0.8831787109375
0.0430908203125,-0.005126953125,0.8853759765625
0.0418701171875,-0.0018310546875,0.8792724609375
0.0440673828125,-0.005126953125,0.8822021484375
0.0433349609375,-0.0035400390625,0.8775634765625
0.0418701171875,0.0009765625,0.8829345703125
0.0438232421875,-0.007080078125,0.880126953125
0.0418701171875,-0.00390625,0.880615234375
0.0400390625,-0.000732421875,0.8834228515625
0.044677734375,-0.0062255859375,0.8848876953125
0.0404052734375,-0.0035400390625,0.8765869140625
0.0465087890625,-0.001220703125,0.8780517578125
0.044677734375,-0.004638671875,0.8834228515625
0.0418701171875,-0.0028076171875,0.8807373046875
0.0611572265625,-0.0037841796875,0.8795166015625
0.04541015625,-0.0047607421875,0.8896484375
0.042724609375,-0.0018310546875,0.884765625
0.044677734375,0.000244140625,0.883056640625
0.0455322265625,-0.00390625,0.8824462890625
0.04541015625,-0.0047607421875,0.8768310546875
0.0452880859375,-0.0062255859375,0.8834228515625
0.048828125,-0.0018310546875,0.881103515625
0.047119140625,-0.0057373046875,0.874267578125
0.04931640625,-0.002685546875,0.8848876953125
0.04345703125,-0.0068359375,0.880615234375
0.0401611328125,-0.0037841796875,0.8807373046875
0.0418701171875,-0.009033203125,0.8778076171875
0.0443115234375,-0.000244140625,0.87744140625
0.0457763671875,-0.0009765625,0.8773193359375
0.0416259765625,-0.001953125,0.8856201171875
0.045654296875,-0.0029296875,0.8807373046875
0.0478515625,-0.004638671875,0.8741455078125
0.0428466796875,-0.003662109375,0.8792724609375
0.0416259765625,-0.005615234375,0.8819580078125
0.0467529296875,-0.0057373046875,0.8797607421875
0.0440673828125,-0.001953125,0.8865966796875
0.0328369140625,0.0128173828125,0.8780517578125
0.0419921875,-0.004638671875,0.8857421875
0.044189453125,-0.0081787109375,0.88525390625
0.0478515625,-0.004150390625,0.88671875
0.048583984375,0.0010986328125,0.87939453125
0.0421142578125,-0.0054931640625,0.8819580078125
0.04248046875,0.002685546875,0.87939453125
0.0426025390625,-0.00439453125,0.8790283203125
0.044921875,-0.0025634765625,0.8873291015625
0.0469970703125,-0.0003662109375,0.8779296875
0.0479736328125,-0.0045166015625,0.8846435546875
0.051025390625,-0.0023193359375,0.879638671875
0.0433349609375,-0.0023193359375,0.88232421875
0.0418701171875,-0.0032958984375,0.8770751953125
0.0423583984375,-0.005126953125,0.881591796875
0.031494140625,-0.0054931640625,0.877685546875
0.0421142578125,-0.0029296875,0.8828125
0.0484619140625,-0.0064697265625,0.8831787109375
0.0472412109375,-0.0069580078125,0.876953125
0.0455322265625,-0.00244140625,0.8858642578125
